{"31<tab>ff": 30.79238, "13<tab>ff": 30.65879, "32<tab>ff": 30.59238, "12<tab>ff": 30.56055, "30<tab>w_norm1_context": 30.54609, "11<tab>ff": 30.51621, "16<tab>ff_context": 30.22988, "5<tab>w_norm1_context": 30.21777, "10<tab>ff_context": 30.19473, "11<tab>w_norm1_context": 30.19434, "8<tab>w_norm1_context": 30.18184, "8<tab>ff": 30.1623, "17<tab>ff": 30.15527, "15<tab>ff": 30.14062, "2<tab>ff_context": 30.12832, "9<tab>ff_context": 30.12539, "32<tab>ff_context": 30.11406, "34<tab>ff_context": 30.09512, "35<tab>ff_context": 30.09492, "5<tab>ff_context": 30.09004, "13<tab>ff_context": 30.08926, "33<tab>ff_context": 30.08926, "20<tab>ff": 30.08047, "10<tab>ff": 30.07266, "10<tab>attn": 30.06855, "9<tab>ff": 30.0668, "11<tab>ff_context": 30.05957, "37<tab>attn": 30.05723, "8<tab>ff_context": 30.05488, "7<tab>attn": 30.05117, "14<tab>ff": 30.0501, "16<tab>ff": 30.04941, "36<tab>ff_context": 30.04941, "32<tab>w_norm1_context": 30.04238, "2<tab>attn": 30.04023, "6<tab>attn": 30.03418, "37<tab>ff_context": 30.02949, "30<tab>ff_context": 30.02383, "3<tab>attn": 30.02285, "14<tab>ff_context": 30.02246, "7<tab>ff_context": 30.01855, "14<tab>w_norm1_context": 30.01445, "12<tab>ff_context": 30.01289, "36<tab>ff": 30.00352, "29<tab>w_norm1_context": 29.98926, "7<tab>w_norm1_context": 29.98691, "5<tab>attn": 29.98027, "35<tab>ff": 29.94687, "4<tab>ff_context": 29.94063, "6<tab>ff_context": 29.87969, "28<tab>ff_context": 29.85195, "15<tab>ff_context": 29.83301, "31<tab>ff_context": 29.83184, "18<tab>ff": 29.83105, "3<tab>ff_context": 29.79121, "34<tab>ff": 29.77617, "24<tab>ff_context": 29.7623, "19<tab>ff": 29.73262, "3<tab>ff": 29.73125, "15<tab>w_norm1_context": 29.71758, "8<tab>attn": 29.69648, "24<tab>w_norm1_context": 29.6918, "16<tab>w_norm1_context": 29.67559, "31<tab>w_norm1_context": 29.63027, "34<tab>w_norm1_context": 29.62402, "33<tab>w_norm1_context": 29.61191, "21<tab>ff": 29.58789, "33<tab>ff": 29.58125, "26<tab>ff_context": 29.57246, "25<tab>ff_context": 29.52695, "36<tab>w_norm1_context": 29.45332, "29<tab>ff_context": 29.44395, "18<tab>ff_context": 29.42813, "17<tab>ff_context": 29.40625, "27<tab>w_norm1_context": 29.39355, "28<tab>w_norm1_context": 29.37168, "27<tab>ff_context": 29.35059, "17<tab>w_norm1_context": 29.32197, "9<tab>w_norm1_context": 29.30898, "26<tab>w_norm1_context": 29.2957, "13<tab>attn": 29.26934, "25<tab>w_norm1_context": 29.26504, "10<tab>w_norm1_context": 29.22285, "27<tab>ff": 29.14512, "4<tab>w_norm1_context": 29.13857, "14<tab>attn": 29.11582, "1<tab>ff_context": 29.09805, "15<tab>attn": 29.04346, "18<tab>w_norm1_context": 28.90059, "1<tab>attn": 28.89453, "30<tab>ff": 28.87598, "32<tab>w_norm1": 28.86094, "12<tab>w_norm1_context": 28.83848, "6<tab>w_norm1_context": 28.81201, "5<tab>ff": 28.81133, "0<tab>ff_context": 28.78203, "4<tab>ff": 28.78164, "37<tab>w_norm1_context": 28.77363, "12<tab>attn": 28.73906, "31<tab>w_norm1": 28.72988, "22<tab>ff": 28.7293, "19<tab>w_norm1_context": 28.62539, "23<tab>ff_context": 28.52812, "23<tab>w_norm1_context": 28.16172, "19<tab>ff_context": 28.16035, "36<tab>w_norm1": 28.1377, "22<tab>w_norm1_context": 28.11084, "18<tab>attn": 28.02109, "28<tab>attn": 27.97598, "29<tab>ff": 27.92344, "35<tab>w_norm1_context": 27.89648, "16<tab>attn": 27.86504, "34<tab>attn": 27.83789, "34<tab>w_norm1": 27.82715, "21<tab>w_norm1_context": 27.78477, "28<tab>ff": 27.78223, "22<tab>ff_context": 27.721, "20<tab>w_norm1_context": 27.68652, "3<tab>w_norm1_context": 27.54307, "37<tab>w_norm1": 27.53652, "29<tab>attn": 27.5127, "6<tab>ff": 27.27715, "36<tab>attn": 27.25957, "37<tab>ff": 27.17246, "26<tab>ff": 27.11641, "13<tab>w_norm1_context": 27.04014, "32<tab>attn": 26.8502, "33<tab>w_norm1": 26.51611, "4<tab>attn": 26.50195, "20<tab>ff_context": 26.4126, "33<tab>attn": 26.34043, "26<tab>w_norm1": 26.33672, "28<tab>w_norm1": 26.06143, "27<tab>w_norm1": 25.71152, "21<tab>ff_context": 25.61338, "20<tab>attn": 25.4915, "25<tab>ff": 25.03926, "31<tab>attn": 24.97324, "22<tab>attn": 24.50625, "25<tab>attn": 24.15576, "25<tab>w_norm1": 24.12813, "26<tab>attn": 23.38643, "2<tab>ff": 23.21201, "27<tab>attn": 23.02764, "2<tab>w_norm1_context": 22.98008, "29<tab>w_norm1": 22.90908, "7<tab>ff": 21.58623, "30<tab>w_norm1": 20.91113, "30<tab>attn": 20.75645, "1<tab>ff": 20.17061, "23<tab>ff": 20.12012, "24<tab>ff": 20.10049, "17<tab>attn": 19.36699, "21<tab>attn": 19.09941, "24<tab>w_norm1": 18.99063, "23<tab>w_norm1": 17.01709, "11<tab>attn": 16.44351, "23<tab>attn": 16.33369, "24<tab>attn": 15.04971, "0<tab>w_norm1_context": 14.95083, "19<tab>attn": 14.5897, "3<tab>w_norm1": 12.40342, "22<tab>w_norm1": 11.45405, "7<tab>w_norm1": 10.79243, "5<tab>w_norm1": 10.74053, "9<tab>attn": 10.72712, "1<tab>w_norm1_context": 10.50786, "6<tab>w_norm1": 10.35688, "11<tab>w_norm1": 9.27803, "4<tab>w_norm1": 9.20327, "9<tab>w_norm1": 8.99861, "13<tab>w_norm1": 8.97041, "12<tab>w_norm1": 8.84583, "21<tab>w_norm1": 8.82461, "0<tab>ff": 8.53701, "8<tab>w_norm1": 8.4585, "35<tab>attn": 8.34509, "19<tab>w_norm1": 8.14712, "17<tab>w_norm1": 8.07712, "16<tab>w_norm1": 7.9032, "15<tab>w_norm1": 7.47396, "20<tab>w_norm1": 7.33712, "0<tab>attn": 7.26326, "35<tab>w_norm1": 7.09652, "0<tab>w_norm1": 7.07737, "18<tab>w_norm1": 6.97288, "14<tab>w_norm1": 6.91123, "2<tab>w_norm1": 6.54238, "10<tab>w_norm1": 6.35859, "1<tab>w_norm1": 6.32627}
